iter	Logloss
0	0.6275863465
1	0.5680393046
2	0.5145176271
3	0.4763351477
4	0.4413979469
